game_name,opponent_type,episode_id,seed,h1_mean_js,h1_mean_kl,h4_ece,h4_mce,h5_rigidity_index,h7_mean_surprisal,h7_mean_update_magnitude,h7_surprisal_update_corr,posterior_consistency,cooperation_rate
prisoners_dilemma,always_cooperate,prisoners_dilemma_always_cooperate_0,1196898627,0.47490394370054495,11.70108493907656,0.050000000000000044,0.050000000000000044,0.8487374950293491,0.05268025782891314,1.0,,0.34657359027997264,1.0
prisoners_dilemma,always_cooperate,prisoners_dilemma_always_cooperate_1,716953109,0.47490394370054495,11.70108493907656,0.050000000000000044,0.050000000000000044,0.8487374950293491,0.05268025782891314,1.0,,0.34657359027997264,1.0
prisoners_dilemma,always_cooperate,prisoners_dilemma_always_cooperate_2,336346478,0.47490394370054495,11.70108493907656,0.050000000000000044,0.050000000000000044,0.8487374950293491,0.05268025782891314,1.0,,0.34657359027997264,1.0
prisoners_dilemma,always_cooperate,prisoners_dilemma_always_cooperate_3,2003884608,0.47490394370054495,11.70108493907656,0.050000000000000044,0.050000000000000044,0.8487374950293491,0.05268025782891314,1.0,,0.34657359027997264,1.0
prisoners_dilemma,always_cooperate,prisoners_dilemma_always_cooperate_4,1623277977,0.47490394370054495,11.70108493907656,0.050000000000000044,0.050000000000000044,0.8487374950293491,0.05268025782891314,1.0,,0.34657359027997264,1.0
prisoners_dilemma,always_cooperate,prisoners_dilemma_always_cooperate_5,1143332459,0.47490394370054495,11.70108493907656,0.050000000000000044,0.050000000000000044,0.8487374950293491,0.05268025782891314,1.0,,0.34657359027997264,1.0
prisoners_dilemma,always_cooperate,prisoners_dilemma_always_cooperate_6,762725828,0.47490394370054495,11.70108493907656,0.050000000000000044,0.050000000000000044,0.8487374950293491,0.05268025782891314,1.0,,0.34657359027997264,1.0
prisoners_dilemma,always_cooperate,prisoners_dilemma_always_cooperate_7,382119197,0.47490394370054495,11.70108493907656,0.050000000000000044,0.050000000000000044,0.8487374950293491,0.05268025782891314,1.0,,0.34657359027997264,1.0
prisoners_dilemma,always_cooperate,prisoners_dilemma_always_cooperate_8,2049657327,0.47490394370054495,11.70108493907656,0.050000000000000044,0.050000000000000044,0.8487374950293491,0.05268025782891314,1.0,,0.34657359027997264,1.0
prisoners_dilemma,always_cooperate,prisoners_dilemma_always_cooperate_9,1669050696,0.47490394370054495,11.70108493907656,0.050000000000000044,0.050000000000000044,0.8487374950293491,0.05268025782891314,1.0,,0.34657359027997264,1.0
prisoners_dilemma,always_defect,prisoners_dilemma_always_defect_0,1647432317,0.6926302276801898,15.966440162099667,0.35,0.5,0.8487374950293491,0.4581453659370775,0.0,,0.0,0.1
prisoners_dilemma,always_defect,prisoners_dilemma_always_defect_1,1266825686,0.26320304638809494,5.471850994285529,0.125,0.19999999999999996,0.8487374950293491,0.13721842285088015,1.0999999999999999,,0.3099751826732752,0.1
prisoners_dilemma,always_defect,prisoners_dilemma_always_defect_2,786880168,0.6926302276801898,15.966440162099667,0.35,0.5,0.8487374950293491,0.4581453659370775,0.0,,0.0,0.1
prisoners_dilemma,always_defect,prisoners_dilemma_always_defect_3,406273537,0.6926302276801898,15.966440162099667,0.35,0.5,0.8487374950293491,0.4581453659370775,0.0,,0.0,0.1
prisoners_dilemma,always_defect,prisoners_dilemma_always_defect_4,25666906,0.6926302276801898,15.966440162099667,0.35,0.5,0.8487374950293491,0.4581453659370775,0.0,,0.0,0.1
prisoners_dilemma,always_defect,prisoners_dilemma_always_defect_5,1693205036,0.6926302276801898,15.966440162099667,0.35,0.5,0.8487374950293491,0.4581453659370775,0.0,,0.0,0.1
prisoners_dilemma,always_defect,prisoners_dilemma_always_defect_6,1312598405,0.4683210256195233,10.68449508720189,0.275,0.5,0.8487374950293491,0.37222023747374794,1.9,,0.5926390375321438,0.1
prisoners_dilemma,always_defect,prisoners_dilemma_always_defect_7,832652887,0.4683210256195233,10.68449508720189,0.275,0.5,0.8487374950293491,0.37222023747374794,1.9,,0.5926390375321438,0.1
prisoners_dilemma,always_defect,prisoners_dilemma_always_defect_8,452046256,0.6926302276801898,15.966440162099667,0.35,0.5,0.8487374950293491,0.4581453659370775,0.0,,0.0,0.1
prisoners_dilemma,always_defect,prisoners_dilemma_always_defect_9,2119584386,0.4683210256195233,10.68449508720189,0.275,0.5,0.8487374950293491,0.37222023747374794,1.9,,0.5926390375321438,0.1
prisoners_dilemma,tit_for_tat,prisoners_dilemma_tit_for_tat_0,363308142,0.47490394370054495,11.70108493907656,0.050000000000000044,0.050000000000000044,0.8487374950293491,0.05268025782891314,1.0,,0.34657359027997264,1.0
prisoners_dilemma,tit_for_tat,prisoners_dilemma_tit_for_tat_1,2030846272,0.47490394370054495,11.70108493907656,0.050000000000000044,0.050000000000000044,0.8487374950293491,0.05268025782891314,1.0,,0.34657359027997264,1.0
prisoners_dilemma,tit_for_tat,prisoners_dilemma_tit_for_tat_2,1650239641,0.47490394370054495,11.70108493907656,0.050000000000000044,0.050000000000000044,0.8487374950293491,0.05268025782891314,1.0,,0.34657359027997264,1.0
prisoners_dilemma,tit_for_tat,prisoners_dilemma_tit_for_tat_3,1170294123,0.47490394370054495,11.70108493907656,0.050000000000000044,0.050000000000000044,0.8487374950293491,0.05268025782891314,1.0,,0.34657359027997264,1.0
prisoners_dilemma,tit_for_tat,prisoners_dilemma_tit_for_tat_4,789687492,0.47490394370054495,11.70108493907656,0.050000000000000044,0.050000000000000044,0.8487374950293491,0.05268025782891314,1.0,,0.34657359027997264,1.0
prisoners_dilemma,tit_for_tat,prisoners_dilemma_tit_for_tat_5,409080861,0.47490394370054495,11.70108493907656,0.050000000000000044,0.050000000000000044,0.8487374950293491,0.05268025782891314,1.0,,0.34657359027997264,1.0
prisoners_dilemma,tit_for_tat,prisoners_dilemma_tit_for_tat_6,2076618991,0.47490394370054495,11.70108493907656,0.050000000000000044,0.050000000000000044,0.8487374950293491,0.05268025782891314,1.0,,0.34657359027997264,1.0
prisoners_dilemma,tit_for_tat,prisoners_dilemma_tit_for_tat_7,1696012360,0.47490394370054495,11.70108493907656,0.050000000000000044,0.050000000000000044,0.8487374950293491,0.05268025782891314,1.0,,0.34657359027997264,1.0
prisoners_dilemma,tit_for_tat,prisoners_dilemma_tit_for_tat_8,1216066842,0.47490394370054495,11.70108493907656,0.050000000000000044,0.050000000000000044,0.8487374950293491,0.05268025782891314,1.0,,0.34657359027997264,1.0
prisoners_dilemma,tit_for_tat,prisoners_dilemma_tit_for_tat_9,835460211,0.47490394370054495,11.70108493907656,0.050000000000000044,0.050000000000000044,0.8487374950293491,0.05268025782891314,1.0,,0.34657359027997264,1.0
prisoners_dilemma,grim_trigger,prisoners_dilemma_grim_trigger_0,1910459377,0.47490394370054495,11.70108493907656,0.050000000000000044,0.050000000000000044,0.8487374950293491,0.05268025782891314,1.0,,0.34657359027997264,1.0
prisoners_dilemma,grim_trigger,prisoners_dilemma_grim_trigger_1,1529852746,0.47490394370054495,11.70108493907656,0.050000000000000044,0.050000000000000044,0.8487374950293491,0.05268025782891314,1.0,,0.34657359027997264,1.0
prisoners_dilemma,grim_trigger,prisoners_dilemma_grim_trigger_2,1049907228,0.47490394370054495,11.70108493907656,0.050000000000000044,0.050000000000000044,0.8487374950293491,0.05268025782891314,1.0,,0.34657359027997264,1.0
prisoners_dilemma,grim_trigger,prisoners_dilemma_grim_trigger_3,669300597,0.47490394370054495,11.70108493907656,0.050000000000000044,0.050000000000000044,0.8487374950293491,0.05268025782891314,1.0,,0.34657359027997264,1.0
prisoners_dilemma,grim_trigger,prisoners_dilemma_grim_trigger_4,189355079,0.47490394370054495,11.70108493907656,0.050000000000000044,0.050000000000000044,0.8487374950293491,0.05268025782891314,1.0,,0.34657359027997264,1.0
prisoners_dilemma,grim_trigger,prisoners_dilemma_grim_trigger_5,1956232096,0.47490394370054495,11.70108493907656,0.050000000000000044,0.050000000000000044,0.8487374950293491,0.05268025782891314,1.0,,0.34657359027997264,1.0
prisoners_dilemma,grim_trigger,prisoners_dilemma_grim_trigger_6,1575625465,0.47490394370054495,11.70108493907656,0.050000000000000044,0.050000000000000044,0.8487374950293491,0.05268025782891314,1.0,,0.34657359027997264,1.0
prisoners_dilemma,grim_trigger,prisoners_dilemma_grim_trigger_7,1095679947,0.47490394370054495,11.70108493907656,0.050000000000000044,0.050000000000000044,0.8487374950293491,0.05268025782891314,1.0,,0.34657359027997264,1.0
prisoners_dilemma,grim_trigger,prisoners_dilemma_grim_trigger_8,715073316,0.47490394370054495,11.70108493907656,0.050000000000000044,0.050000000000000044,0.8487374950293491,0.05268025782891314,1.0,,0.34657359027997264,1.0
prisoners_dilemma,grim_trigger,prisoners_dilemma_grim_trigger_9,235127798,0.47490394370054495,11.70108493907656,0.050000000000000044,0.050000000000000044,0.8487374950293491,0.05268025782891314,1.0,,0.34657359027997264,1.0
prisoners_dilemma,win_stay_lose_shift,prisoners_dilemma_win_stay_lose_shift_0,1675266301,0.47490394370054495,11.70108493907656,0.050000000000000044,0.050000000000000044,0.8487374950293491,0.05268025782891314,1.0,,0.34657359027997264,1.0
prisoners_dilemma,win_stay_lose_shift,prisoners_dilemma_win_stay_lose_shift_1,1195320783,0.47490394370054495,11.70108493907656,0.050000000000000044,0.050000000000000044,0.8487374950293491,0.05268025782891314,1.0,,0.34657359027997264,1.0
prisoners_dilemma,win_stay_lose_shift,prisoners_dilemma_win_stay_lose_shift_2,814714152,0.47490394370054495,11.70108493907656,0.050000000000000044,0.050000000000000044,0.8487374950293491,0.05268025782891314,1.0,,0.34657359027997264,1.0
prisoners_dilemma,win_stay_lose_shift,prisoners_dilemma_win_stay_lose_shift_3,434107521,0.47490394370054495,11.70108493907656,0.050000000000000044,0.050000000000000044,0.8487374950293491,0.05268025782891314,1.0,,0.34657359027997264,1.0
prisoners_dilemma,win_stay_lose_shift,prisoners_dilemma_win_stay_lose_shift_4,2101645651,0.47490394370054495,11.70108493907656,0.050000000000000044,0.050000000000000044,0.8487374950293491,0.05268025782891314,1.0,,0.34657359027997264,1.0
prisoners_dilemma,win_stay_lose_shift,prisoners_dilemma_win_stay_lose_shift_5,1721039020,0.47490394370054495,11.70108493907656,0.050000000000000044,0.050000000000000044,0.8487374950293491,0.05268025782891314,1.0,,0.34657359027997264,1.0
prisoners_dilemma,win_stay_lose_shift,prisoners_dilemma_win_stay_lose_shift_6,1241093502,0.47490394370054495,11.70108493907656,0.050000000000000044,0.050000000000000044,0.8487374950293491,0.05268025782891314,1.0,,0.34657359027997264,1.0
prisoners_dilemma,win_stay_lose_shift,prisoners_dilemma_win_stay_lose_shift_7,860486871,0.47490394370054495,11.70108493907656,0.050000000000000044,0.050000000000000044,0.8487374950293491,0.05268025782891314,1.0,,0.34657359027997264,1.0
prisoners_dilemma,win_stay_lose_shift,prisoners_dilemma_win_stay_lose_shift_8,380541353,0.47490394370054495,11.70108493907656,0.050000000000000044,0.050000000000000044,0.8487374950293491,0.05268025782891314,1.0,,0.34657359027997264,1.0
prisoners_dilemma,win_stay_lose_shift,prisoners_dilemma_win_stay_lose_shift_9,2147418370,0.47490394370054495,11.70108493907656,0.050000000000000044,0.050000000000000044,0.8487374950293491,0.05268025782891314,1.0,,0.34657359027997264,1.0
prisoners_dilemma,noisy_tit_for_tat,prisoners_dilemma_noisy_tit_for_tat_0,1891138370,0.47490394370054495,11.70108493907656,0.050000000000000044,0.050000000000000044,0.8487374950293491,0.05268025782891314,1.0,,0.34657359027997264,1.0
prisoners_dilemma,noisy_tit_for_tat,prisoners_dilemma_noisy_tit_for_tat_1,1510531739,0.5839788749873814,13.269253727950142,0.55,1.0,0.8487374950293491,2.3552653508229584,0.0,,0.0,0.6
prisoners_dilemma,noisy_tit_for_tat,prisoners_dilemma_noisy_tit_for_tat_2,1030586221,0.6517664393518127,14.588725833359433,0.25,0.5,0.8487374950293491,0.34657359027997264,0.0,,0.0,0.3
prisoners_dilemma,noisy_tit_for_tat,prisoners_dilemma_noisy_tit_for_tat_3,649979590,0.47490394370054495,11.70108493907656,0.050000000000000044,0.050000000000000044,0.8487374950293491,0.05268025782891314,1.0,,0.34657359027997264,1.0
prisoners_dilemma,noisy_tit_for_tat,prisoners_dilemma_noisy_tit_for_tat_4,170034072,0.521641870566255,12.671555838418277,0.35,0.5,0.8487374950293491,0.4581453659370775,0.95,,0.2963195187660719,0.1
prisoners_dilemma,noisy_tit_for_tat,prisoners_dilemma_noisy_tit_for_tat_5,1936911089,0.549590142516672,12.774354342976741,0.050000000000000044,0.050000000000000044,0.8487374950293491,0.05268025782891314,0.0,,0.0,0.8
prisoners_dilemma,noisy_tit_for_tat,prisoners_dilemma_noisy_tit_for_tat_6,1456965571,0.521641870566255,12.671555838418277,0.35,0.5,0.8487374950293491,0.4581453659370775,0.95,,0.2963195187660719,0.1
prisoners_dilemma,noisy_tit_for_tat,prisoners_dilemma_noisy_tit_for_tat_7,1076358940,0.6517664393518127,14.588725833359433,0.25,0.5,0.8487374950293491,0.34657359027997264,0.0,,0.0,0.3
prisoners_dilemma,noisy_tit_for_tat,prisoners_dilemma_noisy_tit_for_tat_8,695752309,0.6469844688836817,14.341132299317087,0.5,0.5,0.8487374950293491,0.6931471805599453,0.0,,0.0,0.2
prisoners_dilemma,noisy_tit_for_tat,prisoners_dilemma_noisy_tit_for_tat_9,215806791,0.47490394370054495,11.70108493907656,0.050000000000000044,0.050000000000000044,0.8487374950293491,0.05268025782891314,1.0,,0.34657359027997264,1.0
prisoners_dilemma,deceptive_opportunist,prisoners_dilemma_deceptive_opportunist_0,1569554371,0.6251745541485868,14.50243282986496,0.7,0.9,0.8487374950293491,1.4978661367769956,0.0,,0.0,0.4
prisoners_dilemma,deceptive_opportunist,prisoners_dilemma_deceptive_opportunist_1,1089608853,0.6231155755332755,14.490455274810799,0.7,0.9,0.8487374950293491,1.4978661367769956,0.0,,0.0,0.4
prisoners_dilemma,deceptive_opportunist,prisoners_dilemma_deceptive_opportunist_2,709002222,0.6262670168207625,14.571015906061804,0.7,0.9,0.8487374950293491,1.4978661367769956,0.0,,0.0,0.4
prisoners_dilemma,deceptive_opportunist,prisoners_dilemma_deceptive_opportunist_3,328395591,0.6262764033332087,14.58940481063646,0.7,0.9,0.8487374950293491,1.4978661367769956,0.0,,0.0,0.4
prisoners_dilemma,deceptive_opportunist,prisoners_dilemma_deceptive_opportunist_4,1995933721,0.6245551047817225,13.816240709696885,0.7,0.9,0.8487374950293491,1.4978661367769956,0.0,,0.0,0.4
prisoners_dilemma,deceptive_opportunist,prisoners_dilemma_deceptive_opportunist_5,1615327090,0.6262764033249526,14.589475419370421,0.7,0.9,0.8487374950293491,1.4978661367769956,0.0,,0.0,0.4
prisoners_dilemma,deceptive_opportunist,prisoners_dilemma_deceptive_opportunist_6,1135381572,0.6262670168207625,14.571015906061804,0.7,0.9,0.8487374950293491,1.4978661367769956,0.0,,0.0,0.4
prisoners_dilemma,deceptive_opportunist,prisoners_dilemma_deceptive_opportunist_7,754774941,0.6262768555149796,14.598233092087051,0.7,0.9,0.8487374950293491,1.4978661367769956,0.0,,0.0,0.4
prisoners_dilemma,deceptive_opportunist,prisoners_dilemma_deceptive_opportunist_8,274829423,0.6262764033249526,14.589475419370421,0.7,0.9,0.8487374950293491,1.4978661367769956,0.0,,0.0,0.4
prisoners_dilemma,deceptive_opportunist,prisoners_dilemma_deceptive_opportunist_9,2041706440,0.6262670168207625,14.571015906061804,0.7,0.9,0.8487374950293491,1.4978661367769956,0.0,,0.0,0.4
prisoners_dilemma,gradual_defector,prisoners_dilemma_gradual_defector_0,45274995,0.47490394370054495,11.70108493907656,0.050000000000000044,0.050000000000000044,0.8487374950293491,0.05268025782891314,1.0,,0.34657359027997264,1.0
prisoners_dilemma,gradual_defector,prisoners_dilemma_gradual_defector_1,1712813125,0.47490394370054495,11.70108493907656,0.050000000000000044,0.050000000000000044,0.8487374950293491,0.05268025782891314,1.0,,0.34657359027997264,1.0
prisoners_dilemma,gradual_defector,prisoners_dilemma_gradual_defector_2,1332206494,0.47490394370054495,11.70108493907656,0.050000000000000044,0.050000000000000044,0.8487374950293491,0.05268025782891314,1.0,,0.34657359027997264,1.0
prisoners_dilemma,gradual_defector,prisoners_dilemma_gradual_defector_3,852260976,0.47490394370054495,11.70108493907656,0.050000000000000044,0.050000000000000044,0.8487374950293491,0.05268025782891314,1.0,,0.34657359027997264,1.0
prisoners_dilemma,gradual_defector,prisoners_dilemma_gradual_defector_4,471654345,0.47490394370054495,11.70108493907656,0.050000000000000044,0.050000000000000044,0.8487374950293491,0.05268025782891314,1.0,,0.34657359027997264,1.0
prisoners_dilemma,gradual_defector,prisoners_dilemma_gradual_defector_5,2139192475,0.47490394370054495,11.70108493907656,0.050000000000000044,0.050000000000000044,0.8487374950293491,0.05268025782891314,1.0,,0.34657359027997264,1.0
prisoners_dilemma,gradual_defector,prisoners_dilemma_gradual_defector_6,1758585844,0.47490394370054495,11.70108493907656,0.050000000000000044,0.050000000000000044,0.8487374950293491,0.05268025782891314,1.0,,0.34657359027997264,1.0
prisoners_dilemma,gradual_defector,prisoners_dilemma_gradual_defector_7,1377979213,0.47490394370054495,11.70108493907656,0.050000000000000044,0.050000000000000044,0.8487374950293491,0.05268025782891314,1.0,,0.34657359027997264,1.0
prisoners_dilemma,gradual_defector,prisoners_dilemma_gradual_defector_8,898033695,0.47490394370054495,11.70108493907656,0.050000000000000044,0.050000000000000044,0.8487374950293491,0.05268025782891314,1.0,,0.34657359027997264,1.0
prisoners_dilemma,gradual_defector,prisoners_dilemma_gradual_defector_9,517427064,0.47490394370054495,11.70108493907656,0.050000000000000044,0.050000000000000044,0.8487374950293491,0.05268025782891314,1.0,,0.34657359027997264,1.0
prisoners_dilemma,adaptive_mirror,prisoners_dilemma_adaptive_mirror_0,286504068,0.47490394370054495,11.70108493907656,0.050000000000000044,0.050000000000000044,0.8487374950293491,0.05268025782891314,1.0,,0.34657359027997264,1.0
prisoners_dilemma,adaptive_mirror,prisoners_dilemma_adaptive_mirror_1,2053381085,0.47490394370054495,11.70108493907656,0.050000000000000044,0.050000000000000044,0.8487374950293491,0.05268025782891314,1.0,,0.34657359027997264,1.0
prisoners_dilemma,adaptive_mirror,prisoners_dilemma_adaptive_mirror_2,1573435567,0.47490394370054495,11.70108493907656,0.050000000000000044,0.050000000000000044,0.8487374950293491,0.05268025782891314,1.0,,0.34657359027997264,1.0
prisoners_dilemma,adaptive_mirror,prisoners_dilemma_adaptive_mirror_3,1192828936,0.47490394370054495,11.70108493907656,0.050000000000000044,0.050000000000000044,0.8487374950293491,0.05268025782891314,1.0,,0.34657359027997264,1.0
prisoners_dilemma,adaptive_mirror,prisoners_dilemma_adaptive_mirror_4,712883418,0.47490394370054495,11.70108493907656,0.050000000000000044,0.050000000000000044,0.8487374950293491,0.05268025782891314,1.0,,0.34657359027997264,1.0
prisoners_dilemma,adaptive_mirror,prisoners_dilemma_adaptive_mirror_5,332276787,0.47490394370054495,11.70108493907656,0.050000000000000044,0.050000000000000044,0.8487374950293491,0.05268025782891314,1.0,,0.34657359027997264,1.0
prisoners_dilemma,adaptive_mirror,prisoners_dilemma_adaptive_mirror_6,1999814917,0.47490394370054495,11.70108493907656,0.050000000000000044,0.050000000000000044,0.8487374950293491,0.05268025782891314,1.0,,0.34657359027997264,1.0
prisoners_dilemma,adaptive_mirror,prisoners_dilemma_adaptive_mirror_7,1619208286,0.47490394370054495,11.70108493907656,0.050000000000000044,0.050000000000000044,0.8487374950293491,0.05268025782891314,1.0,,0.34657359027997264,1.0
prisoners_dilemma,adaptive_mirror,prisoners_dilemma_adaptive_mirror_8,1238601655,0.47490394370054495,11.70108493907656,0.050000000000000044,0.050000000000000044,0.8487374950293491,0.05268025782891314,1.0,,0.34657359027997264,1.0
prisoners_dilemma,adaptive_mirror,prisoners_dilemma_adaptive_mirror_9,758656137,0.47490394370054495,11.70108493907656,0.050000000000000044,0.050000000000000044,0.8487374950293491,0.05268025782891314,1.0,,0.34657359027997264,1.0
stag_hunt,always_cooperate,stag_hunt_always_cooperate_0,1767914453,0.47490394370054495,11.70108493907656,0.0,0.0,0.8487374950293491,0.0,1.0,,0.34657359027997264,1.0
stag_hunt,always_cooperate,stag_hunt_always_cooperate_1,1287968935,0.47490394370054495,11.70108493907656,0.0,0.0,0.8487374950293491,0.0,1.0,,0.34657359027997264,1.0
stag_hunt,always_cooperate,stag_hunt_always_cooperate_2,907362304,0.47490394370054495,11.70108493907656,0.0,0.0,0.8487374950293491,0.0,1.0,,0.34657359027997264,1.0
stag_hunt,always_cooperate,stag_hunt_always_cooperate_3,526755673,0.47490394370054495,11.70108493907656,0.0,0.0,0.8487374950293491,0.0,1.0,,0.34657359027997264,1.0
stag_hunt,always_cooperate,stag_hunt_always_cooperate_4,46810155,0.47490394370054495,11.70108493907656,0.0,0.0,0.8487374950293491,0.0,1.0,,0.34657359027997264,1.0
stag_hunt,always_cooperate,stag_hunt_always_cooperate_5,1813687172,0.47490394370054495,11.70108493907656,0.0,0.0,0.8487374950293491,0.0,1.0,,0.34657359027997264,1.0
stag_hunt,always_cooperate,stag_hunt_always_cooperate_6,1333741654,0.47490394370054495,11.70108493907656,0.0,0.0,0.8487374950293491,0.0,1.0,,0.34657359027997264,1.0
stag_hunt,always_cooperate,stag_hunt_always_cooperate_7,953135023,0.47490394370054495,11.70108493907656,0.0,0.0,0.8487374950293491,0.0,1.0,,0.34657359027997264,1.0
stag_hunt,always_cooperate,stag_hunt_always_cooperate_8,473189505,0.47490394370054495,11.70108493907656,0.0,0.0,0.8487374950293491,0.0,1.0,,0.34657359027997264,1.0
stag_hunt,always_cooperate,stag_hunt_always_cooperate_9,92582874,0.47490394370054495,11.70108493907656,0.0,0.0,0.8487374950293491,0.0,1.0,,0.34657359027997264,1.0
stag_hunt,always_defect,stag_hunt_always_defect_0,285963985,0.6926348386892897,15.911567591175261,0.35,0.5,0.8487374950293491,0.4581453659370775,0.0,,0.0,0.1
stag_hunt,always_defect,stag_hunt_always_defect_1,2052841002,0.6926348386892897,15.911567591175261,0.35,0.5,0.8487374950293491,0.4581453659370775,0.0,,0.0,0.1
stag_hunt,always_defect,stag_hunt_always_defect_2,1672234371,0.6926348386892897,15.911567591175261,0.35,0.5,0.8487374950293491,0.4581453659370775,0.0,,0.0,0.1
stag_hunt,always_defect,stag_hunt_always_defect_3,1192288853,0.6926348386892897,15.911567591175261,0.35,0.5,0.8487374950293491,0.4581453659370775,0.0,,0.0,0.1
stag_hunt,always_defect,stag_hunt_always_defect_4,811682222,0.6926348386892897,15.911567591175261,0.35,0.5,0.8487374950293491,0.4581453659370775,0.0,,0.0,0.1
stag_hunt,always_defect,stag_hunt_always_defect_5,331736704,0.6926348386892897,15.911567591175261,0.35,0.5,0.8487374950293491,0.4581453659370775,0.0,,0.0,0.1
stag_hunt,always_defect,stag_hunt_always_defect_6,2098613721,0.6926348386892897,15.911567591175261,0.35,0.5,0.8487374950293491,0.4581453659370775,0.0,,0.0,0.1
stag_hunt,always_defect,stag_hunt_always_defect_7,1618668203,0.6926348386892897,15.911567591175261,0.35,0.5,0.8487374950293491,0.4581453659370775,0.0,,0.0,0.1
stag_hunt,always_defect,stag_hunt_always_defect_8,1238061572,0.6926348386892897,15.911567591175261,0.35,0.5,0.8487374950293491,0.4581453659370775,0.0,,0.0,0.1
stag_hunt,always_defect,stag_hunt_always_defect_9,857454941,0.6926348386892897,15.911567591175261,0.35,0.5,0.8487374950293491,0.4581453659370775,0.0,,0.0,0.1
stag_hunt,tit_for_tat,stag_hunt_tit_for_tat_0,1732447195,0.47490394370054495,11.70108493907656,0.0,0.0,0.8487374950293491,0.0,1.0,,0.34657359027997264,1.0
stag_hunt,tit_for_tat,stag_hunt_tit_for_tat_1,1351840564,0.47490394370054495,11.70108493907656,0.0,0.0,0.8487374950293491,0.0,1.0,,0.34657359027997264,1.0
stag_hunt,tit_for_tat,stag_hunt_tit_for_tat_2,971233933,0.47490394370054495,11.70108493907656,0.0,0.0,0.8487374950293491,0.0,1.0,,0.34657359027997264,1.0
stag_hunt,tit_for_tat,stag_hunt_tit_for_tat_3,491288415,0.47490394370054495,11.70108493907656,0.0,0.0,0.8487374950293491,0.0,1.0,,0.34657359027997264,1.0
stag_hunt,tit_for_tat,stag_hunt_tit_for_tat_4,110681784,0.47490394370054495,11.70108493907656,0.0,0.0,0.8487374950293491,0.0,1.0,,0.34657359027997264,1.0
stag_hunt,tit_for_tat,stag_hunt_tit_for_tat_5,1778219914,0.47490394370054495,11.70108493907656,0.0,0.0,0.8487374950293491,0.0,1.0,,0.34657359027997264,1.0
stag_hunt,tit_for_tat,stag_hunt_tit_for_tat_6,1397613283,0.47490394370054495,11.70108493907656,0.0,0.0,0.8487374950293491,0.0,1.0,,0.34657359027997264,1.0
stag_hunt,tit_for_tat,stag_hunt_tit_for_tat_7,917667765,0.47490394370054495,11.70108493907656,0.0,0.0,0.8487374950293491,0.0,1.0,,0.34657359027997264,1.0
stag_hunt,tit_for_tat,stag_hunt_tit_for_tat_8,537061134,0.47490394370054495,11.70108493907656,0.0,0.0,0.8487374950293491,0.0,1.0,,0.34657359027997264,1.0
stag_hunt,tit_for_tat,stag_hunt_tit_for_tat_9,156454503,0.47490394370054495,11.70108493907656,0.0,0.0,0.8487374950293491,0.0,1.0,,0.34657359027997264,1.0
stag_hunt,grim_trigger,stag_hunt_grim_trigger_0,573852743,0.47490394370054495,11.70108493907656,0.0,0.0,0.8487374950293491,0.0,1.0,,0.34657359027997264,1.0
stag_hunt,grim_trigger,stag_hunt_grim_trigger_1,193246112,0.47490394370054495,11.70108493907656,0.0,0.0,0.8487374950293491,0.0,1.0,,0.34657359027997264,1.0
stag_hunt,grim_trigger,stag_hunt_grim_trigger_2,1860784242,0.47490394370054495,11.70108493907656,0.0,0.0,0.8487374950293491,0.0,1.0,,0.34657359027997264,1.0
stag_hunt,grim_trigger,stag_hunt_grim_trigger_3,1480177611,0.47490394370054495,11.70108493907656,0.0,0.0,0.8487374950293491,0.0,1.0,,0.34657359027997264,1.0
stag_hunt,grim_trigger,stag_hunt_grim_trigger_4,1000232093,0.47490394370054495,11.70108493907656,0.0,0.0,0.8487374950293491,0.0,1.0,,0.34657359027997264,1.0
stag_hunt,grim_trigger,stag_hunt_grim_trigger_5,619625462,0.47490394370054495,11.70108493907656,0.0,0.0,0.8487374950293491,0.0,1.0,,0.34657359027997264,1.0
stag_hunt,grim_trigger,stag_hunt_grim_trigger_6,139679944,0.47490394370054495,11.70108493907656,0.0,0.0,0.8487374950293491,0.0,1.0,,0.34657359027997264,1.0
stag_hunt,grim_trigger,stag_hunt_grim_trigger_7,1906556961,0.47490394370054495,11.70108493907656,0.0,0.0,0.8487374950293491,0.0,1.0,,0.34657359027997264,1.0
stag_hunt,grim_trigger,stag_hunt_grim_trigger_8,1525950330,0.47490394370054495,11.70108493907656,0.0,0.0,0.8487374950293491,0.0,1.0,,0.34657359027997264,1.0
stag_hunt,grim_trigger,stag_hunt_grim_trigger_9,1046004812,0.47490394370054495,11.70108493907656,0.0,0.0,0.8487374950293491,0.0,1.0,,0.34657359027997264,1.0
stag_hunt,win_stay_lose_shift,stag_hunt_win_stay_lose_shift_0,182131857,0.47490394370054495,11.70108493907656,0.0,0.0,0.8487374950293491,0.0,1.0,,0.34657359027997264,1.0
stag_hunt,win_stay_lose_shift,stag_hunt_win_stay_lose_shift_1,1849669987,0.47490394370054495,11.70108493907656,0.0,0.0,0.8487374950293491,0.0,1.0,,0.34657359027997264,1.0
stag_hunt,win_stay_lose_shift,stag_hunt_win_stay_lose_shift_2,1469063356,0.47490394370054495,11.70108493907656,0.0,0.0,0.8487374950293491,0.0,1.0,,0.34657359027997264,1.0
stag_hunt,win_stay_lose_shift,stag_hunt_win_stay_lose_shift_3,1088456725,0.47490394370054495,11.70108493907656,0.0,0.0,0.8487374950293491,0.0,1.0,,0.34657359027997264,1.0
stag_hunt,win_stay_lose_shift,stag_hunt_win_stay_lose_shift_4,608511207,0.47490394370054495,11.70108493907656,0.0,0.0,0.8487374950293491,0.0,1.0,,0.34657359027997264,1.0
stag_hunt,win_stay_lose_shift,stag_hunt_win_stay_lose_shift_5,227904576,0.47490394370054495,11.70108493907656,0.0,0.0,0.8487374950293491,0.0,1.0,,0.34657359027997264,1.0
stag_hunt,win_stay_lose_shift,stag_hunt_win_stay_lose_shift_6,1895442706,0.47490394370054495,11.70108493907656,0.0,0.0,0.8487374950293491,0.0,1.0,,0.34657359027997264,1.0
stag_hunt,win_stay_lose_shift,stag_hunt_win_stay_lose_shift_7,1514836075,0.47490394370054495,11.70108493907656,0.0,0.0,0.8487374950293491,0.0,1.0,,0.34657359027997264,1.0
stag_hunt,win_stay_lose_shift,stag_hunt_win_stay_lose_shift_8,1034890557,0.47490394370054495,11.70108493907656,0.0,0.0,0.8487374950293491,0.0,1.0,,0.34657359027997264,1.0
stag_hunt,win_stay_lose_shift,stag_hunt_win_stay_lose_shift_9,654283926,0.47490394370054495,11.70108493907656,0.0,0.0,0.8487374950293491,0.0,1.0,,0.34657359027997264,1.0
stag_hunt,noisy_tit_for_tat,stag_hunt_noisy_tit_for_tat_0,2069290966,0.49645621165307197,12.076016523220394,0.0,0.0,0.8487374950293491,0.0,0.0,,0.0,1.0
stag_hunt,noisy_tit_for_tat,stag_hunt_noisy_tit_for_tat_1,1688684335,0.5839808231236442,13.266455406740505,0.5,1.0,0.8487374950293491,2.3025850929940455,0.0,,0.0,0.6
stag_hunt,noisy_tit_for_tat,stag_hunt_noisy_tit_for_tat_2,1308077704,0.47490394370054495,11.70108493907656,0.0,0.0,0.8487374950293491,0.0,1.0,,0.34657359027997264,1.0
stag_hunt,noisy_tit_for_tat,stag_hunt_noisy_tit_for_tat_3,828132186,0.49645621165307197,12.076016523220394,0.0,0.0,0.8487374950293491,0.0,0.0,,0.0,1.0
stag_hunt,noisy_tit_for_tat,stag_hunt_noisy_tit_for_tat_4,447525555,0.5839808231236442,13.266455406740505,0.5,1.0,0.8487374950293491,2.3025850929940455,0.0,,0.0,0.6
stag_hunt,noisy_tit_for_tat,stag_hunt_noisy_tit_for_tat_5,2115063685,0.47490394370054495,11.70108493907656,0.0,0.0,0.8487374950293491,0.0,1.0,,0.34657359027997264,1.0
stag_hunt,noisy_tit_for_tat,stag_hunt_noisy_tit_for_tat_6,1734457054,0.47490394370054495,11.70108493907656,0.0,0.0,0.8487374950293491,0.0,1.0,,0.34657359027997264,1.0
stag_hunt,noisy_tit_for_tat,stag_hunt_noisy_tit_for_tat_7,1254511536,0.47490394370054495,11.70108493907656,0.0,0.0,0.8487374950293491,0.0,1.0,,0.34657359027997264,1.0
stag_hunt,noisy_tit_for_tat,stag_hunt_noisy_tit_for_tat_8,873904905,0.6489856238624019,14.370659129711507,0.25,0.5,0.8487374950293491,0.34657359027997264,0.0,,0.0,0.3
stag_hunt,noisy_tit_for_tat,stag_hunt_noisy_tit_for_tat_9,493298274,0.5853888165459212,13.475947429485393,0.5,1.0,0.8487374950293491,2.3025850929940455,0.0,,0.0,0.6
stag_hunt,deceptive_opportunist,stag_hunt_deceptive_opportunist_0,111168966,0.6253094073978914,14.253937906809922,0.0,0.0,0.8487374950293491,0.0,0.0,,0.0,0.5
stag_hunt,deceptive_opportunist,stag_hunt_deceptive_opportunist_1,1778707096,0.6251093684891228,14.59769526733861,0.75,1.0,0.8487374950293491,2.649158683274018,0.0,,0.0,0.4
stag_hunt,deceptive_opportunist,stag_hunt_deceptive_opportunist_2,1398100465,0.6255276233220693,14.044690252604513,1.0,1.0,0.8487374950293491,4.605170185988091,0.0,,0.0,0.4
stag_hunt,deceptive_opportunist,stag_hunt_deceptive_opportunist_3,918154947,0.5834278237959366,13.436597177932143,0.25,0.5,0.8487374950293491,0.34657359027997264,0.0,,0.0,0.5
stag_hunt,deceptive_opportunist,stag_hunt_deceptive_opportunist_4,537548316,0.6262769517946353,14.572995710425543,1.0,1.0,0.8487374950293491,4.605170185988091,0.0,,0.0,0.4
stag_hunt,deceptive_opportunist,stag_hunt_deceptive_opportunist_5,156941685,0.6262769327685402,14.568276629631404,0.5,1.0,0.8487374950293491,2.3025850929940455,0.0,,0.0,0.4
stag_hunt,deceptive_opportunist,stag_hunt_deceptive_opportunist_6,1824479815,0.6262764814094796,14.55535509839502,1.0,1.0,0.8487374950293491,4.605170185988091,0.0,,0.0,0.4
stag_hunt,deceptive_opportunist,stag_hunt_deceptive_opportunist_7,1443873184,0.5821200672489741,13.246160967282924,0.25,0.5,0.8487374950293491,0.34657359027997264,0.0,,0.0,0.5
stag_hunt,deceptive_opportunist,stag_hunt_deceptive_opportunist_8,963927666,0.5821200672489741,13.246160967282924,0.25,0.5,0.8487374950293491,0.34657359027997264,0.0,,0.0,0.5
stag_hunt,deceptive_opportunist,stag_hunt_deceptive_opportunist_9,583321035,0.625618851901942,14.132437360168597,0.5,1.0,0.8487374950293491,2.3025850929940455,0.0,,0.0,0.4
stag_hunt,gradual_defector,stag_hunt_gradual_defector_0,1584383270,0.47490394370054495,11.70108493907656,0.0,0.0,0.8487374950293491,0.0,1.0,,0.34657359027997264,1.0
stag_hunt,gradual_defector,stag_hunt_gradual_defector_1,1104437752,0.47490394370054495,11.70108493907656,0.0,0.0,0.8487374950293491,0.0,1.0,,0.34657359027997264,1.0
stag_hunt,gradual_defector,stag_hunt_gradual_defector_2,723831121,0.47490394370054495,11.70108493907656,0.0,0.0,0.8487374950293491,0.0,1.0,,0.34657359027997264,1.0
stag_hunt,gradual_defector,stag_hunt_gradual_defector_3,343224490,0.47490394370054495,11.70108493907656,0.0,0.0,0.8487374950293491,0.0,1.0,,0.34657359027997264,1.0
stag_hunt,gradual_defector,stag_hunt_gradual_defector_4,2010762620,0.47490394370054495,11.70108493907656,0.0,0.0,0.8487374950293491,0.0,1.0,,0.34657359027997264,1.0
stag_hunt,gradual_defector,stag_hunt_gradual_defector_5,1630155989,0.47490394370054495,11.70108493907656,0.0,0.0,0.8487374950293491,0.0,1.0,,0.34657359027997264,1.0
stag_hunt,gradual_defector,stag_hunt_gradual_defector_6,1150210471,0.47490394370054495,11.70108493907656,0.0,0.0,0.8487374950293491,0.0,1.0,,0.34657359027997264,1.0
stag_hunt,gradual_defector,stag_hunt_gradual_defector_7,769603840,0.47490394370054495,11.70108493907656,0.0,0.0,0.8487374950293491,0.0,1.0,,0.34657359027997264,1.0
stag_hunt,gradual_defector,stag_hunt_gradual_defector_8,388997209,0.47490394370054495,11.70108493907656,0.0,0.0,0.8487374950293491,0.0,1.0,,0.34657359027997264,1.0
stag_hunt,gradual_defector,stag_hunt_gradual_defector_9,2056535339,0.47490394370054495,11.70108493907656,0.0,0.0,0.8487374950293491,0.0,1.0,,0.34657359027997264,1.0
stag_hunt,adaptive_mirror,stag_hunt_adaptive_mirror_0,759475660,0.47490394370054495,11.70108493907656,0.0,0.0,0.8487374950293491,0.0,1.0,,0.34657359027997264,1.0
stag_hunt,adaptive_mirror,stag_hunt_adaptive_mirror_1,378869029,0.47490394370054495,11.70108493907656,0.0,0.0,0.8487374950293491,0.0,1.0,,0.34657359027997264,1.0
stag_hunt,adaptive_mirror,stag_hunt_adaptive_mirror_2,2046407159,0.47490394370054495,11.70108493907656,0.0,0.0,0.8487374950293491,0.0,1.0,,0.34657359027997264,1.0
stag_hunt,adaptive_mirror,stag_hunt_adaptive_mirror_3,1665800528,0.47490394370054495,11.70108493907656,0.0,0.0,0.8487374950293491,0.0,1.0,,0.34657359027997264,1.0
stag_hunt,adaptive_mirror,stag_hunt_adaptive_mirror_4,1185855010,0.47490394370054495,11.70108493907656,0.0,0.0,0.8487374950293491,0.0,1.0,,0.34657359027997264,1.0
stag_hunt,adaptive_mirror,stag_hunt_adaptive_mirror_5,805248379,0.47490394370054495,11.70108493907656,0.0,0.0,0.8487374950293491,0.0,1.0,,0.34657359027997264,1.0
stag_hunt,adaptive_mirror,stag_hunt_adaptive_mirror_6,424641748,0.47490394370054495,11.70108493907656,0.0,0.0,0.8487374950293491,0.0,1.0,,0.34657359027997264,1.0
stag_hunt,adaptive_mirror,stag_hunt_adaptive_mirror_7,2092179878,0.47490394370054495,11.70108493907656,0.0,0.0,0.8487374950293491,0.0,1.0,,0.34657359027997264,1.0
stag_hunt,adaptive_mirror,stag_hunt_adaptive_mirror_8,1711573247,0.47490394370054495,11.70108493907656,0.0,0.0,0.8487374950293491,0.0,1.0,,0.34657359027997264,1.0
stag_hunt,adaptive_mirror,stag_hunt_adaptive_mirror_9,1231627729,0.47490394370054495,11.70108493907656,0.0,0.0,0.8487374950293491,0.0,1.0,,0.34657359027997264,1.0
battle_of_sexes,always_cooperate,battle_of_sexes_always_cooperate_0,926955674,0.5420295821333444,13.091131639700336,0.0,0.0,0.8487374950293491,0.0,0.0,,0.0,0.7
battle_of_sexes,always_cooperate,battle_of_sexes_always_cooperate_1,546349043,0.5420295821333444,13.091131639700336,0.0,0.0,0.8487374950293491,0.0,0.0,,0.0,0.7
battle_of_sexes,always_cooperate,battle_of_sexes_always_cooperate_2,66403525,0.5420295821333444,13.091131639700336,0.0,0.0,0.8487374950293491,0.0,0.0,,0.0,0.7
battle_of_sexes,always_cooperate,battle_of_sexes_always_cooperate_3,1833280542,0.5420295821333444,13.091131639700336,0.0,0.0,0.8487374950293491,0.0,0.0,,0.0,0.7
battle_of_sexes,always_cooperate,battle_of_sexes_always_cooperate_4,1452673911,0.5420295821333444,13.091131639700336,0.0,0.0,0.8487374950293491,0.0,0.0,,0.0,0.7
battle_of_sexes,always_cooperate,battle_of_sexes_always_cooperate_5,972728393,0.5420295821333444,13.091131639700336,0.0,0.0,0.8487374950293491,0.0,0.0,,0.0,0.7
battle_of_sexes,always_cooperate,battle_of_sexes_always_cooperate_6,592121762,0.5420295821333444,13.091131639700336,0.0,0.0,0.8487374950293491,0.0,0.0,,0.0,0.7
battle_of_sexes,always_cooperate,battle_of_sexes_always_cooperate_7,112176244,0.5420295821333444,13.091131639700336,0.0,0.0,0.8487374950293491,0.0,0.0,,0.0,0.7
battle_of_sexes,always_cooperate,battle_of_sexes_always_cooperate_8,1879053261,0.5420295821333444,13.091131639700336,0.0,0.0,0.8487374950293491,0.0,0.0,,0.0,0.7
battle_of_sexes,always_cooperate,battle_of_sexes_always_cooperate_9,1399107743,0.5420295821333444,13.091131639700336,0.0,0.0,0.8487374950293491,0.0,0.0,,0.0,0.7
battle_of_sexes,always_defect,battle_of_sexes_always_defect_0,479635222,0.6926302591956941,15.96575423206995,0.75,1.0,0.8487374950293491,2.649158683274018,0.0,,0.0,0.1
battle_of_sexes,always_defect,battle_of_sexes_always_defect_1,2147173352,0.6926302591956941,15.96575423206995,0.75,1.0,0.8487374950293491,2.649158683274018,0.0,,0.0,0.1
battle_of_sexes,always_defect,battle_of_sexes_always_defect_2,1766566721,0.6926302591956941,15.96575423206995,0.75,1.0,0.8487374950293491,2.649158683274018,0.0,,0.0,0.1
battle_of_sexes,always_defect,battle_of_sexes_always_defect_3,1385960090,0.6926302591956941,15.96575423206995,0.75,1.0,0.8487374950293491,2.649158683274018,0.0,,0.0,0.1
battle_of_sexes,always_defect,battle_of_sexes_always_defect_4,906014572,0.6926302591956941,15.96575423206995,0.75,1.0,0.8487374950293491,2.649158683274018,0.0,,0.0,0.1
battle_of_sexes,always_defect,battle_of_sexes_always_defect_5,525407941,0.6926302591956941,15.96575423206995,0.75,1.0,0.8487374950293491,2.649158683274018,0.0,,0.0,0.1
battle_of_sexes,always_defect,battle_of_sexes_always_defect_6,45462423,0.6926302591956941,15.96575423206995,0.75,1.0,0.8487374950293491,2.649158683274018,0.0,,0.0,0.1
battle_of_sexes,always_defect,battle_of_sexes_always_defect_7,1812339440,0.6926302591956941,15.96575423206995,0.75,1.0,0.8487374950293491,2.649158683274018,0.0,,0.0,0.1
battle_of_sexes,always_defect,battle_of_sexes_always_defect_8,1431732809,0.6926302591956941,15.96575423206995,0.75,1.0,0.8487374950293491,2.649158683274018,0.0,,0.0,0.1
battle_of_sexes,always_defect,battle_of_sexes_always_defect_9,951787291,0.6926302591956941,15.96575423206995,0.75,1.0,0.8487374950293491,2.649158683274018,0.0,,0.0,0.1
battle_of_sexes,tit_for_tat,battle_of_sexes_tit_for_tat_0,1040657448,0.5486303006562208,12.636747863889994,0.0,0.0,0.8487374950293491,0.0,0.0,,0.0,0.7
battle_of_sexes,tit_for_tat,battle_of_sexes_tit_for_tat_1,660050817,0.5486303006562208,12.636747863889994,0.0,0.0,0.8487374950293491,0.0,0.0,,0.0,0.7
battle_of_sexes,tit_for_tat,battle_of_sexes_tit_for_tat_2,279444186,0.5486303006562208,12.636747863889994,0.0,0.0,0.8487374950293491,0.0,0.0,,0.0,0.7
battle_of_sexes,tit_for_tat,battle_of_sexes_tit_for_tat_3,1946982316,0.5486303006562208,12.636747863889994,0.0,0.0,0.8487374950293491,0.0,0.0,,0.0,0.7
battle_of_sexes,tit_for_tat,battle_of_sexes_tit_for_tat_4,1566375685,0.5486303006562208,12.636747863889994,0.0,0.0,0.8487374950293491,0.0,0.0,,0.0,0.7
battle_of_sexes,tit_for_tat,battle_of_sexes_tit_for_tat_5,1086430167,0.5486303006562208,12.636747863889994,0.0,0.0,0.8487374950293491,0.0,0.0,,0.0,0.7
battle_of_sexes,tit_for_tat,battle_of_sexes_tit_for_tat_6,705823536,0.5486303006562208,12.636747863889994,0.0,0.0,0.8487374950293491,0.0,0.0,,0.0,0.7
battle_of_sexes,tit_for_tat,battle_of_sexes_tit_for_tat_7,225878018,0.5486303006562208,12.636747863889994,0.0,0.0,0.8487374950293491,0.0,0.0,,0.0,0.7
battle_of_sexes,tit_for_tat,battle_of_sexes_tit_for_tat_8,1992755035,0.5486303006562208,12.636747863889994,0.0,0.0,0.8487374950293491,0.0,0.0,,0.0,0.7
battle_of_sexes,tit_for_tat,battle_of_sexes_tit_for_tat_9,1612148404,0.5486303006562208,12.636747863889994,0.0,0.0,0.8487374950293491,0.0,0.0,,0.0,0.7
battle_of_sexes,grim_trigger,battle_of_sexes_grim_trigger_0,937424017,0.5486303006562208,12.636747863889994,0.0,0.0,0.8487374950293491,0.0,0.0,,0.0,0.7
battle_of_sexes,grim_trigger,battle_of_sexes_grim_trigger_1,556817386,0.5486303006562208,12.636747863889994,0.0,0.0,0.8487374950293491,0.0,0.0,,0.0,0.7
battle_of_sexes,grim_trigger,battle_of_sexes_grim_trigger_2,76871868,0.5486303006562208,12.636747863889994,0.0,0.0,0.8487374950293491,0.0,0.0,,0.0,0.7
battle_of_sexes,grim_trigger,battle_of_sexes_grim_trigger_3,1843748885,0.5486303006562208,12.636747863889994,0.0,0.0,0.8487374950293491,0.0,0.0,,0.0,0.7
battle_of_sexes,grim_trigger,battle_of_sexes_grim_trigger_4,1363803367,0.5486303006562208,12.636747863889994,0.0,0.0,0.8487374950293491,0.0,0.0,,0.0,0.7
battle_of_sexes,grim_trigger,battle_of_sexes_grim_trigger_5,983196736,0.5486303006562208,12.636747863889994,0.0,0.0,0.8487374950293491,0.0,0.0,,0.0,0.7
battle_of_sexes,grim_trigger,battle_of_sexes_grim_trigger_6,602590105,0.5486303006562208,12.636747863889994,0.0,0.0,0.8487374950293491,0.0,0.0,,0.0,0.7
battle_of_sexes,grim_trigger,battle_of_sexes_grim_trigger_7,122644587,0.5486303006562208,12.636747863889994,0.0,0.0,0.8487374950293491,0.0,0.0,,0.0,0.7
battle_of_sexes,grim_trigger,battle_of_sexes_grim_trigger_8,1889521604,0.5486303006562208,12.636747863889994,0.0,0.0,0.8487374950293491,0.0,0.0,,0.0,0.7
battle_of_sexes,grim_trigger,battle_of_sexes_grim_trigger_9,1409576086,0.5486303006562208,12.636747863889994,0.0,0.0,0.8487374950293491,0.0,0.0,,0.0,0.7
battle_of_sexes,win_stay_lose_shift,battle_of_sexes_win_stay_lose_shift_0,1617867994,0.5486303006562208,12.636747863889994,0.0,0.0,0.8487374950293491,0.0,0.0,,0.0,0.7
battle_of_sexes,win_stay_lose_shift,battle_of_sexes_win_stay_lose_shift_1,1237261363,0.5486303006562208,12.636747863889994,0.0,0.0,0.8487374950293491,0.0,0.0,,0.0,0.7
battle_of_sexes,win_stay_lose_shift,battle_of_sexes_win_stay_lose_shift_2,856654732,0.5486303006562208,12.636747863889994,0.0,0.0,0.8487374950293491,0.0,0.0,,0.0,0.7
battle_of_sexes,win_stay_lose_shift,battle_of_sexes_win_stay_lose_shift_3,376709214,0.5486303006562208,12.636747863889994,0.0,0.0,0.8487374950293491,0.0,0.0,,0.0,0.7
battle_of_sexes,win_stay_lose_shift,battle_of_sexes_win_stay_lose_shift_4,2143586231,0.5486303006562208,12.636747863889994,0.0,0.0,0.8487374950293491,0.0,0.0,,0.0,0.7
battle_of_sexes,win_stay_lose_shift,battle_of_sexes_win_stay_lose_shift_5,1663640713,0.5486303006562208,12.636747863889994,0.0,0.0,0.8487374950293491,0.0,0.0,,0.0,0.7
battle_of_sexes,win_stay_lose_shift,battle_of_sexes_win_stay_lose_shift_6,1283034082,0.5486303006562208,12.636747863889994,0.0,0.0,0.8487374950293491,0.0,0.0,,0.0,0.7
battle_of_sexes,win_stay_lose_shift,battle_of_sexes_win_stay_lose_shift_7,803088564,0.5486303006562208,12.636747863889994,0.0,0.0,0.8487374950293491,0.0,0.0,,0.0,0.7
battle_of_sexes,win_stay_lose_shift,battle_of_sexes_win_stay_lose_shift_8,422481933,0.5486303006562208,12.636747863889994,0.0,0.0,0.8487374950293491,0.0,0.0,,0.0,0.7
battle_of_sexes,win_stay_lose_shift,battle_of_sexes_win_stay_lose_shift_9,41875302,0.5486303006562208,12.636747863889994,0.0,0.0,0.8487374950293491,0.0,0.0,,0.0,0.7
battle_of_sexes,noisy_tit_for_tat,battle_of_sexes_noisy_tit_for_tat_0,277005243,0.5486303006562208,12.636747863889994,0.0,0.0,0.8487374950293491,0.0,0.0,,0.0,0.7
battle_of_sexes,noisy_tit_for_tat,battle_of_sexes_noisy_tit_for_tat_1,2043882260,0.5486303006562208,12.636747863889994,0.0,0.0,0.8487374950293491,0.0,0.0,,0.0,0.7
battle_of_sexes,noisy_tit_for_tat,battle_of_sexes_noisy_tit_for_tat_2,1563936742,0.5486303006562208,12.636747863889994,0.0,0.0,0.8487374950293491,0.0,0.0,,0.0,0.7
battle_of_sexes,noisy_tit_for_tat,battle_of_sexes_noisy_tit_for_tat_3,1183330111,0.5486303006562208,12.636747863889994,0.0,0.0,0.8487374950293491,0.0,0.0,,0.0,0.7
battle_of_sexes,noisy_tit_for_tat,battle_of_sexes_noisy_tit_for_tat_4,703384593,0.5486303006562208,12.636747863889994,0.0,0.0,0.8487374950293491,0.0,0.0,,0.0,0.7
battle_of_sexes,noisy_tit_for_tat,battle_of_sexes_noisy_tit_for_tat_5,322777962,0.506534835860898,10.426770763631326,0.5,0.5,0.8487374950293491,0.6931471805599453,0.8888888888888888,,0.2562727643379037,0.2
battle_of_sexes,noisy_tit_for_tat,battle_of_sexes_noisy_tit_for_tat_6,2089654979,0.5486303006562208,12.636747863889994,0.0,0.0,0.8487374950293491,0.0,0.0,,0.0,0.7
battle_of_sexes,noisy_tit_for_tat,battle_of_sexes_noisy_tit_for_tat_7,1609709461,0.5486303006562208,12.636747863889994,0.0,0.0,0.8487374950293491,0.0,0.0,,0.0,0.7
battle_of_sexes,noisy_tit_for_tat,battle_of_sexes_noisy_tit_for_tat_8,1229102830,0.5486303006562208,12.636747863889994,0.0,0.0,0.8487374950293491,0.0,0.0,,0.0,0.7
battle_of_sexes,noisy_tit_for_tat,battle_of_sexes_noisy_tit_for_tat_9,749157312,0.5486303006562208,12.636747863889994,0.0,0.0,0.8487374950293491,0.0,0.0,,0.0,0.7
battle_of_sexes,deceptive_opportunist,battle_of_sexes_deceptive_opportunist_0,553182264,0.6252776490626765,14.497358656030201,0.25,0.5,0.8487374950293491,0.34657359027997264,0.0,,0.0,0.5
battle_of_sexes,deceptive_opportunist,battle_of_sexes_deceptive_opportunist_1,73236746,0.6262764033414644,14.589334204337588,0.75,1.0,0.8487374950293491,2.649158683274018,0.0,,0.0,0.4
battle_of_sexes,deceptive_opportunist,battle_of_sexes_deceptive_opportunist_2,1840113763,0.6246481445094744,13.719928597635692,0.75,1.0,0.8487374950293491,2.649158683274018,0.0,,0.0,0.4
battle_of_sexes,deceptive_opportunist,battle_of_sexes_deceptive_opportunist_3,1360168245,0.626276874542502,14.6027140240518,0.75,1.0,0.8487374950293491,2.649158683274018,0.0,,0.0,0.4
battle_of_sexes,deceptive_opportunist,battle_of_sexes_deceptive_opportunist_4,979561614,0.6262768555149796,14.598233092087051,0.75,1.0,0.8487374950293491,2.649158683274018,0.0,,0.0,0.4
battle_of_sexes,deceptive_opportunist,battle_of_sexes_deceptive_opportunist_5,499616096,0.6262764033331244,14.589405751296587,0.75,1.0,0.8487374950293491,2.649158683274018,0.0,,0.0,0.4
battle_of_sexes,deceptive_opportunist,battle_of_sexes_deceptive_opportunist_6,119009465,0.6262764033332087,14.58940481063646,0.75,1.0,0.8487374950293491,2.649158683274018,0.0,,0.0,0.4
battle_of_sexes,deceptive_opportunist,battle_of_sexes_deceptive_opportunist_7,1885886482,0.6262670208921971,14.569743174592672,0.75,1.0,0.8487374950293491,2.649158683274018,0.0,,0.0,0.4
battle_of_sexes,deceptive_opportunist,battle_of_sexes_deceptive_opportunist_8,1405940964,0.6262670208921971,14.569743174592672,0.75,1.0,0.8487374950293491,2.649158683274018,0.0,,0.0,0.4
battle_of_sexes,deceptive_opportunist,battle_of_sexes_deceptive_opportunist_9,1025334333,0.5856673610641785,13.620697157161308,0.0,0.0,0.8487374950293491,0.0,0.0,,0.0,0.6
battle_of_sexes,gradual_defector,battle_of_sexes_gradual_defector_0,745658189,0.5486303006562208,12.636747863889994,0.0,0.0,0.8487374950293491,0.0,0.0,,0.0,0.7
battle_of_sexes,gradual_defector,battle_of_sexes_gradual_defector_1,265712671,0.5486303006562208,12.636747863889994,0.0,0.0,0.8487374950293491,0.0,0.0,,0.0,0.7
battle_of_sexes,gradual_defector,battle_of_sexes_gradual_defector_2,2032589688,0.5486303006562208,12.636747863889994,0.0,0.0,0.8487374950293491,0.0,0.0,,0.0,0.7
battle_of_sexes,gradual_defector,battle_of_sexes_gradual_defector_3,1552644170,0.5486303006562208,12.636747863889994,0.0,0.0,0.8487374950293491,0.0,0.0,,0.0,0.7
battle_of_sexes,gradual_defector,battle_of_sexes_gradual_defector_4,1172037539,0.5486303006562208,12.636747863889994,0.0,0.0,0.8487374950293491,0.0,0.0,,0.0,0.7
battle_of_sexes,gradual_defector,battle_of_sexes_gradual_defector_5,791430908,0.5486303006562208,12.636747863889994,0.0,0.0,0.8487374950293491,0.0,0.0,,0.0,0.7
battle_of_sexes,gradual_defector,battle_of_sexes_gradual_defector_6,311485390,0.5486303006562208,12.636747863889994,0.0,0.0,0.8487374950293491,0.0,0.0,,0.0,0.7
battle_of_sexes,gradual_defector,battle_of_sexes_gradual_defector_7,2078362407,0.5486303006562208,12.636747863889994,0.0,0.0,0.8487374950293491,0.0,0.0,,0.0,0.7
battle_of_sexes,gradual_defector,battle_of_sexes_gradual_defector_8,1598416889,0.5486303006562208,12.636747863889994,0.0,0.0,0.8487374950293491,0.0,0.0,,0.0,0.7
battle_of_sexes,gradual_defector,battle_of_sexes_gradual_defector_9,1217810258,0.5486303006562208,12.636747863889994,0.0,0.0,0.8487374950293491,0.0,0.0,,0.0,0.7
battle_of_sexes,adaptive_mirror,battle_of_sexes_adaptive_mirror_0,140561264,0.33047748215508577,8.15071127371076,0.0,0.0,0.8487374950293491,0.0,0.0,,0.0,0.7
battle_of_sexes,adaptive_mirror,battle_of_sexes_adaptive_mirror_1,1907438281,0.33047748215508577,8.15071127371076,0.0,0.0,0.8487374950293491,0.0,0.0,,0.0,0.7
battle_of_sexes,adaptive_mirror,battle_of_sexes_adaptive_mirror_2,1427492763,0.33047748215508577,8.15071127371076,0.0,0.0,0.8487374950293491,0.0,0.0,,0.0,0.7
battle_of_sexes,adaptive_mirror,battle_of_sexes_adaptive_mirror_3,1046886132,0.33047748215508577,8.15071127371076,0.0,0.0,0.8487374950293491,0.0,0.0,,0.0,0.7
battle_of_sexes,adaptive_mirror,battle_of_sexes_adaptive_mirror_4,566940614,0.33047748215508577,8.15071127371076,0.0,0.0,0.8487374950293491,0.0,0.0,,0.0,0.7
battle_of_sexes,adaptive_mirror,battle_of_sexes_adaptive_mirror_5,186333983,0.33047748215508577,8.15071127371076,0.0,0.0,0.8487374950293491,0.0,0.0,,0.0,0.7
battle_of_sexes,adaptive_mirror,battle_of_sexes_adaptive_mirror_6,1853872113,0.33047748215508577,8.15071127371076,0.0,0.0,0.8487374950293491,0.0,0.0,,0.0,0.7
battle_of_sexes,adaptive_mirror,battle_of_sexes_adaptive_mirror_7,1473265482,0.33047748215508577,8.15071127371076,0.0,0.0,0.8487374950293491,0.0,0.0,,0.0,0.7
battle_of_sexes,adaptive_mirror,battle_of_sexes_adaptive_mirror_8,1092658851,0.33047748215508577,8.15071127371076,0.0,0.0,0.8487374950293491,0.0,0.0,,0.0,0.7
battle_of_sexes,adaptive_mirror,battle_of_sexes_adaptive_mirror_9,612713333,0.33047748215508577,8.15071127371076,0.0,0.0,0.8487374950293491,0.0,0.0,,0.0,0.7
chicken,always_cooperate,chicken_always_cooperate_0,1843431995,0.47490394370054495,11.70108493907656,0.0,0.0,0.8487374950293491,0.0,1.0,,0.34657359027997264,1.0
chicken,always_cooperate,chicken_always_cooperate_1,1462825364,0.47490394370054495,11.70108493907656,0.0,0.0,0.8487374950293491,0.0,1.0,,0.34657359027997264,1.0
chicken,always_cooperate,chicken_always_cooperate_2,982879846,0.47490394370054495,11.70108493907656,0.0,0.0,0.8487374950293491,0.0,1.0,,0.34657359027997264,1.0
chicken,always_cooperate,chicken_always_cooperate_3,602273215,0.47490394370054495,11.70108493907656,0.0,0.0,0.8487374950293491,0.0,1.0,,0.34657359027997264,1.0
chicken,always_cooperate,chicken_always_cooperate_4,221666584,0.47490394370054495,11.70108493907656,0.0,0.0,0.8487374950293491,0.0,1.0,,0.34657359027997264,1.0
chicken,always_cooperate,chicken_always_cooperate_5,1889204714,0.47490394370054495,11.70108493907656,0.0,0.0,0.8487374950293491,0.0,1.0,,0.34657359027997264,1.0
chicken,always_cooperate,chicken_always_cooperate_6,1508598083,0.47490394370054495,11.70108493907656,0.0,0.0,0.8487374950293491,0.0,1.0,,0.34657359027997264,1.0
chicken,always_cooperate,chicken_always_cooperate_7,1028652565,0.47490394370054495,11.70108493907656,0.0,0.0,0.8487374950293491,0.0,1.0,,0.34657359027997264,1.0
chicken,always_cooperate,chicken_always_cooperate_8,648045934,0.47490394370054495,11.70108493907656,0.0,0.0,0.8487374950293491,0.0,1.0,,0.34657359027997264,1.0
chicken,always_cooperate,chicken_always_cooperate_9,267439303,0.47490394370054495,11.70108493907656,0.0,0.0,0.8487374950293491,0.0,1.0,,0.34657359027997264,1.0
chicken,always_defect,chicken_always_defect_0,1921177949,0.6926302276801898,15.966440162099667,0.275,0.5,0.8487374950293491,0.37222023747374794,0.0,,0.0,0.1
chicken,always_defect,chicken_always_defect_1,1441232431,0.6926302276801898,15.966440162099667,0.275,0.5,0.8487374950293491,0.37222023747374794,0.0,,0.0,0.1
chicken,always_defect,chicken_always_defect_2,1060625800,0.6926302276801898,15.966440162099667,0.275,0.5,0.8487374950293491,0.37222023747374794,0.0,,0.0,0.1
chicken,always_defect,chicken_always_defect_3,680019169,0.6926302276801898,15.966440162099667,0.275,0.5,0.8487374950293491,0.37222023747374794,0.0,,0.0,0.1
chicken,always_defect,chicken_always_defect_4,200073651,0.6926302276801898,15.966440162099667,0.275,0.5,0.8487374950293491,0.37222023747374794,0.0,,0.0,0.1
chicken,always_defect,chicken_always_defect_5,1966950668,0.6926302276801898,15.966440162099667,0.275,0.5,0.8487374950293491,0.37222023747374794,0.0,,0.0,0.1
chicken,always_defect,chicken_always_defect_6,1487005150,0.6926302276801898,15.966440162099667,0.275,0.5,0.8487374950293491,0.37222023747374794,0.0,,0.0,0.1
chicken,always_defect,chicken_always_defect_7,1106398519,0.6926302276801898,15.966440162099667,0.275,0.5,0.8487374950293491,0.37222023747374794,0.0,,0.0,0.1
chicken,always_defect,chicken_always_defect_8,626453001,0.6926302276801898,15.966440162099667,0.275,0.5,0.8487374950293491,0.37222023747374794,0.0,,0.0,0.1
chicken,always_defect,chicken_always_defect_9,245846370,0.6926302276801898,15.966440162099667,0.275,0.5,0.8487374950293491,0.37222023747374794,0.0,,0.0,0.1
chicken,tit_for_tat,chicken_tit_for_tat_0,435551673,0.47490394370054495,11.70108493907656,0.0,0.0,0.8487374950293491,0.0,1.0,,0.34657359027997264,1.0
chicken,tit_for_tat,chicken_tit_for_tat_1,2103089803,0.47490394370054495,11.70108493907656,0.0,0.0,0.8487374950293491,0.0,1.0,,0.34657359027997264,1.0
chicken,tit_for_tat,chicken_tit_for_tat_2,1722483172,0.47490394370054495,11.70108493907656,0.0,0.0,0.8487374950293491,0.0,1.0,,0.34657359027997264,1.0
chicken,tit_for_tat,chicken_tit_for_tat_3,1341876541,0.47490394370054495,11.70108493907656,0.0,0.0,0.8487374950293491,0.0,1.0,,0.34657359027997264,1.0
chicken,tit_for_tat,chicken_tit_for_tat_4,861931023,0.47490394370054495,11.70108493907656,0.0,0.0,0.8487374950293491,0.0,1.0,,0.34657359027997264,1.0
chicken,tit_for_tat,chicken_tit_for_tat_5,481324392,0.47490394370054495,11.70108493907656,0.0,0.0,0.8487374950293491,0.0,1.0,,0.34657359027997264,1.0
chicken,tit_for_tat,chicken_tit_for_tat_6,1378874,0.47490394370054495,11.70108493907656,0.0,0.0,0.8487374950293491,0.0,1.0,,0.34657359027997264,1.0
chicken,tit_for_tat,chicken_tit_for_tat_7,1768255891,0.47490394370054495,11.70108493907656,0.0,0.0,0.8487374950293491,0.0,1.0,,0.34657359027997264,1.0
chicken,tit_for_tat,chicken_tit_for_tat_8,1288310373,0.47490394370054495,11.70108493907656,0.0,0.0,0.8487374950293491,0.0,1.0,,0.34657359027997264,1.0
chicken,tit_for_tat,chicken_tit_for_tat_9,907703742,0.47490394370054495,11.70108493907656,0.0,0.0,0.8487374950293491,0.0,1.0,,0.34657359027997264,1.0
chicken,grim_trigger,chicken_grim_trigger_0,549699575,0.47490394370054495,11.70108493907656,0.0,0.0,0.8487374950293491,0.0,1.0,,0.34657359027997264,1.0
chicken,grim_trigger,chicken_grim_trigger_1,169092944,0.47490394370054495,11.70108493907656,0.0,0.0,0.8487374950293491,0.0,1.0,,0.34657359027997264,1.0
chicken,grim_trigger,chicken_grim_trigger_2,1935969961,0.47490394370054495,11.70108493907656,0.0,0.0,0.8487374950293491,0.0,1.0,,0.34657359027997264,1.0
chicken,grim_trigger,chicken_grim_trigger_3,1456024443,0.47490394370054495,11.70108493907656,0.0,0.0,0.8487374950293491,0.0,1.0,,0.34657359027997264,1.0
chicken,grim_trigger,chicken_grim_trigger_4,1075417812,0.47490394370054495,11.70108493907656,0.0,0.0,0.8487374950293491,0.0,1.0,,0.34657359027997264,1.0
chicken,grim_trigger,chicken_grim_trigger_5,595472294,0.47490394370054495,11.70108493907656,0.0,0.0,0.8487374950293491,0.0,1.0,,0.34657359027997264,1.0
chicken,grim_trigger,chicken_grim_trigger_6,214865663,0.47490394370054495,11.70108493907656,0.0,0.0,0.8487374950293491,0.0,1.0,,0.34657359027997264,1.0
chicken,grim_trigger,chicken_grim_trigger_7,1882403793,0.47490394370054495,11.70108493907656,0.0,0.0,0.8487374950293491,0.0,1.0,,0.34657359027997264,1.0
chicken,grim_trigger,chicken_grim_trigger_8,1501797162,0.47490394370054495,11.70108493907656,0.0,0.0,0.8487374950293491,0.0,1.0,,0.34657359027997264,1.0
chicken,grim_trigger,chicken_grim_trigger_9,1121190531,0.47490394370054495,11.70108493907656,0.0,0.0,0.8487374950293491,0.0,1.0,,0.34657359027997264,1.0
chicken,win_stay_lose_shift,chicken_win_stay_lose_shift_0,328688410,0.47490394370054495,11.70108493907656,0.0,0.0,0.8487374950293491,0.0,1.0,,0.34657359027997264,1.0
chicken,win_stay_lose_shift,chicken_win_stay_lose_shift_1,2095565427,0.47490394370054495,11.70108493907656,0.0,0.0,0.8487374950293491,0.0,1.0,,0.34657359027997264,1.0
chicken,win_stay_lose_shift,chicken_win_stay_lose_shift_2,1714958796,0.47490394370054495,11.70108493907656,0.0,0.0,0.8487374950293491,0.0,1.0,,0.34657359027997264,1.0
chicken,win_stay_lose_shift,chicken_win_stay_lose_shift_3,1235013278,0.47490394370054495,11.70108493907656,0.0,0.0,0.8487374950293491,0.0,1.0,,0.34657359027997264,1.0
chicken,win_stay_lose_shift,chicken_win_stay_lose_shift_4,854406647,0.47490394370054495,11.70108493907656,0.0,0.0,0.8487374950293491,0.0,1.0,,0.34657359027997264,1.0
chicken,win_stay_lose_shift,chicken_win_stay_lose_shift_5,374461129,0.47490394370054495,11.70108493907656,0.0,0.0,0.8487374950293491,0.0,1.0,,0.34657359027997264,1.0
chicken,win_stay_lose_shift,chicken_win_stay_lose_shift_6,2141338146,0.47490394370054495,11.70108493907656,0.0,0.0,0.8487374950293491,0.0,1.0,,0.34657359027997264,1.0
chicken,win_stay_lose_shift,chicken_win_stay_lose_shift_7,1661392628,0.47490394370054495,11.70108493907656,0.0,0.0,0.8487374950293491,0.0,1.0,,0.34657359027997264,1.0
chicken,win_stay_lose_shift,chicken_win_stay_lose_shift_8,1280785997,0.47490394370054495,11.70108493907656,0.0,0.0,0.8487374950293491,0.0,1.0,,0.34657359027997264,1.0
chicken,win_stay_lose_shift,chicken_win_stay_lose_shift_9,900179366,0.47490394370054495,11.70108493907656,0.0,0.0,0.8487374950293491,0.0,1.0,,0.34657359027997264,1.0
chicken,noisy_tit_for_tat,chicken_noisy_tit_for_tat_0,1403983198,0.6255276186164799,14.044870060625174,0.5,1.0,0.8487374950293491,2.3025850929940455,0.0,,0.0,0.4
chicken,noisy_tit_for_tat,chicken_noisy_tit_for_tat_1,924037680,0.6255276185689463,14.044872611732906,0.5,1.0,0.8487374950293491,2.3025850929940455,0.0,,0.0,0.4
chicken,noisy_tit_for_tat,chicken_noisy_tit_for_tat_2,543431049,0.5495995199503564,12.768936129451887,0.5,0.5,0.8487374950293491,2.3025850929940455,0.0,,0.0,0.7
chicken,noisy_tit_for_tat,chicken_noisy_tit_for_tat_3,63485531,0.47490394370054495,11.70108493907656,0.0,0.0,0.8487374950293491,0.0,1.0,,0.34657359027997264,1.0
chicken,noisy_tit_for_tat,chicken_noisy_tit_for_tat_4,1830362548,0.47490394370054495,11.70108493907656,0.0,0.0,0.8487374950293491,0.0,1.0,,0.34657359027997264,1.0
chicken,noisy_tit_for_tat,chicken_noisy_tit_for_tat_5,1350417030,0.47490394370054495,11.70108493907656,0.0,0.0,0.8487374950293491,0.0,1.0,,0.34657359027997264,1.0
chicken,noisy_tit_for_tat,chicken_noisy_tit_for_tat_6,969810399,0.5836126947063923,13.49161485630283,0.25,0.5,0.8487374950293491,0.34657359027997264,0.0,,0.0,0.5
chicken,noisy_tit_for_tat,chicken_noisy_tit_for_tat_7,589203768,0.47490394370054495,11.70108493907656,0.0,0.0,0.8487374950293491,0.0,1.0,,0.34657359027997264,1.0
chicken,noisy_tit_for_tat,chicken_noisy_tit_for_tat_8,109258250,0.6469844688836817,14.341132299317087,0.35,0.5,0.8487374950293491,0.4581453659370775,0.0,,0.0,0.2
chicken,noisy_tit_for_tat,chicken_noisy_tit_for_tat_9,1876135267,0.6197064894208458,14.722638478448067,0.35,0.5,0.8487374950293491,0.4581453659370775,0.0,,0.0,0.1
chicken,deceptive_opportunist,chicken_deceptive_opportunist_0,1687842856,0.6262670168207625,14.571015906061804,0.5,1.0,0.8487374950293491,2.3025850929940455,0.0,,0.0,0.4
chicken,deceptive_opportunist,chicken_deceptive_opportunist_1,1207897338,0.6231155755332755,14.490455274810799,0.5,1.0,0.8487374950293491,2.3025850929940455,0.0,,0.0,0.4
chicken,deceptive_opportunist,chicken_deceptive_opportunist_2,827290707,0.6245551047817225,13.816240709696885,0.5,1.0,0.8487374950293491,2.3025850929940455,0.0,,0.0,0.4
chicken,deceptive_opportunist,chicken_deceptive_opportunist_3,347345189,0.626276403324785,14.589477291002664,0.5,1.0,0.8487374950293491,2.3025850929940455,0.0,,0.0,0.4
chicken,deceptive_opportunist,chicken_deceptive_opportunist_4,2114222206,0.6262670168207625,14.571015906061804,0.5,1.0,0.8487374950293491,2.3025850929940455,0.0,,0.0,0.4
chicken,deceptive_opportunist,chicken_deceptive_opportunist_5,1733615575,0.6262768555149941,14.598229532534015,1.0,1.0,0.8487374950293491,4.605170185988091,0.0,,0.0,0.4
chicken,deceptive_opportunist,chicken_deceptive_opportunist_6,1253670057,0.6253368025844513,14.42276515273574,0.0,0.0,0.8487374950293491,0.0,0.0,,0.0,0.5
chicken,deceptive_opportunist,chicken_deceptive_opportunist_7,873063426,0.6262670168207625,14.571015906061804,0.5,1.0,0.8487374950293491,2.3025850929940455,0.0,,0.0,0.4
chicken,deceptive_opportunist,chicken_deceptive_opportunist_8,393117908,0.6231155755332755,14.490455274810799,0.5,1.0,0.8487374950293491,2.3025850929940455,0.0,,0.0,0.4
chicken,deceptive_opportunist,chicken_deceptive_opportunist_9,12511277,0.6262764033332087,14.58940481063646,1.0,1.0,0.8487374950293491,4.605170185988091,0.0,,0.0,0.4
chicken,gradual_defector,chicken_gradual_defector_0,1377526255,0.47490394370054495,11.70108493907656,0.0,0.0,0.8487374950293491,0.0,1.0,,0.34657359027997264,1.0
chicken,gradual_defector,chicken_gradual_defector_1,897580737,0.47490394370054495,11.70108493907656,0.0,0.0,0.8487374950293491,0.0,1.0,,0.34657359027997264,1.0
chicken,gradual_defector,chicken_gradual_defector_2,516974106,0.47490394370054495,11.70108493907656,0.0,0.0,0.8487374950293491,0.0,1.0,,0.34657359027997264,1.0
chicken,gradual_defector,chicken_gradual_defector_3,136367475,0.47490394370054495,11.70108493907656,0.0,0.0,0.8487374950293491,0.0,1.0,,0.34657359027997264,1.0
chicken,gradual_defector,chicken_gradual_defector_4,1803905605,0.47490394370054495,11.70108493907656,0.0,0.0,0.8487374950293491,0.0,1.0,,0.34657359027997264,1.0
chicken,gradual_defector,chicken_gradual_defector_5,1423298974,0.47490394370054495,11.70108493907656,0.0,0.0,0.8487374950293491,0.0,1.0,,0.34657359027997264,1.0
chicken,gradual_defector,chicken_gradual_defector_6,943353456,0.47490394370054495,11.70108493907656,0.0,0.0,0.8487374950293491,0.0,1.0,,0.34657359027997264,1.0
chicken,gradual_defector,chicken_gradual_defector_7,562746825,0.47490394370054495,11.70108493907656,0.0,0.0,0.8487374950293491,0.0,1.0,,0.34657359027997264,1.0
chicken,gradual_defector,chicken_gradual_defector_8,82801307,0.47490394370054495,11.70108493907656,0.0,0.0,0.8487374950293491,0.0,1.0,,0.34657359027997264,1.0
chicken,gradual_defector,chicken_gradual_defector_9,1849678324,0.47490394370054495,11.70108493907656,0.0,0.0,0.8487374950293491,0.0,1.0,,0.34657359027997264,1.0
chicken,adaptive_mirror,chicken_adaptive_mirror_0,1084571380,0.47490394370054495,11.70108493907656,0.0,0.0,0.8487374950293491,0.0,1.0,,0.34657359027997264,1.0
chicken,adaptive_mirror,chicken_adaptive_mirror_1,604625862,0.47490394370054495,11.70108493907656,0.0,0.0,0.8487374950293491,0.0,1.0,,0.34657359027997264,1.0
chicken,adaptive_mirror,chicken_adaptive_mirror_2,224019231,0.47490394370054495,11.70108493907656,0.0,0.0,0.8487374950293491,0.0,1.0,,0.34657359027997264,1.0
chicken,adaptive_mirror,chicken_adaptive_mirror_3,1990896248,0.47490394370054495,11.70108493907656,0.0,0.0,0.8487374950293491,0.0,1.0,,0.34657359027997264,1.0
chicken,adaptive_mirror,chicken_adaptive_mirror_4,1510950730,0.47490394370054495,11.70108493907656,0.0,0.0,0.8487374950293491,0.0,1.0,,0.34657359027997264,1.0
chicken,adaptive_mirror,chicken_adaptive_mirror_5,1130344099,0.47490394370054495,11.70108493907656,0.0,0.0,0.8487374950293491,0.0,1.0,,0.34657359027997264,1.0
chicken,adaptive_mirror,chicken_adaptive_mirror_6,650398581,0.47490394370054495,11.70108493907656,0.0,0.0,0.8487374950293491,0.0,1.0,,0.34657359027997264,1.0
chicken,adaptive_mirror,chicken_adaptive_mirror_7,269791950,0.47490394370054495,11.70108493907656,0.0,0.0,0.8487374950293491,0.0,1.0,,0.34657359027997264,1.0
chicken,adaptive_mirror,chicken_adaptive_mirror_8,1937330080,0.47490394370054495,11.70108493907656,0.0,0.0,0.8487374950293491,0.0,1.0,,0.34657359027997264,1.0
chicken,adaptive_mirror,chicken_adaptive_mirror_9,1556723449,0.47490394370054495,11.70108493907656,0.0,0.0,0.8487374950293491,0.0,1.0,,0.34657359027997264,1.0
